,mean_fit_time,std_fit_time,mean_score_time,std_score_time,param_C,param_solver,params,split0_test_accuracy,split1_test_accuracy,split2_test_accuracy,split3_test_accuracy,split4_test_accuracy,mean_test_accuracy,std_test_accuracy,rank_test_accuracy,split0_train_accuracy,split1_train_accuracy,split2_train_accuracy,split3_train_accuracy,split4_train_accuracy,mean_train_accuracy,std_train_accuracy,split0_test_balanced_accuracy,split1_test_balanced_accuracy,split2_test_balanced_accuracy,split3_test_balanced_accuracy,split4_test_balanced_accuracy,mean_test_balanced_accuracy,std_test_balanced_accuracy,rank_test_balanced_accuracy,split0_train_balanced_accuracy,split1_train_balanced_accuracy,split2_train_balanced_accuracy,split3_train_balanced_accuracy,split4_train_balanced_accuracy,mean_train_balanced_accuracy,std_train_balanced_accuracy,split0_test_roc_auc,split1_test_roc_auc,split2_test_roc_auc,split3_test_roc_auc,split4_test_roc_auc,mean_test_roc_auc,std_test_roc_auc,rank_test_roc_auc,split0_train_roc_auc,split1_train_roc_auc,split2_train_roc_auc,split3_train_roc_auc,split4_train_roc_auc,mean_train_roc_auc,std_train_roc_auc,split0_test_recall,split1_test_recall,split2_test_recall,split3_test_recall,split4_test_recall,mean_test_recall,std_test_recall,rank_test_recall,split0_train_recall,split1_train_recall,split2_train_recall,split3_train_recall,split4_train_recall,mean_train_recall,std_train_recall,split0_test_precision,split1_test_precision,split2_test_precision,split3_test_precision,split4_test_precision,mean_test_precision,std_test_precision,rank_test_precision,split0_train_precision,split1_train_precision,split2_train_precision,split3_train_precision,split4_train_precision,mean_train_precision,std_train_precision,split0_test_f1,split1_test_f1,split2_test_f1,split3_test_f1,split4_test_f1,mean_test_f1,std_test_f1,rank_test_f1,split0_train_f1,split1_train_f1,split2_train_f1,split3_train_f1,split4_train_f1,mean_train_f1,std_train_f1
0,8.336107015609741,0.5093535593777655,0.08034658432006836,0.0110018940710685,0.0001,newton-cg,"{'C': 0.0001, 'solver': 'newton-cg'}",0.721308043378135,0.7200519197755726,0.7212243018046309,0.7234015827157392,0.7205124984298455,0.7212996692207847,0.001148939271357339,34,0.7217598844329994,0.7218645646871631,0.7213620994671776,0.7213097593400957,0.7218645646871631,0.7216321745229198,0.0002454433881188453,0.7213219386416758,0.7200428673877473,0.7210616337813662,0.7234743633717752,0.7204429091442078,0.7212687424653546,0.0011912395059947626,34,0.7217565012845022,0.7218673678794297,0.7213882622925529,0.7212914117456697,0.721885674494964,0.7216378435394237,0.00024919352004397087,0.7918020840303625,0.7897859633432172,0.7902494407243879,0.7960361551660261,0.7941716619638698,0.7924090610455727,0.00237384061556712,33,0.7933077322569622,0.7936748472411603,0.793462512770879,0.7922526637377572,0.7928502349783845,0.7931095981970285,0.0005069355443655277,0.7345963618073602,0.7303380187416332,0.736061635324331,0.7371611382387607,0.7303950103950104,0.7337104329014191,0.0028490557680106074,35,0.7346840529962115,0.734619089500356,0.731038102235751,0.7350924144852388,0.7339611165873199,0.7338789551609756,0.0014659918648484184,0.7151717946625317,0.7159612860892388,0.7190256534757627,0.715359477124183,0.7189751146037983,0.7168986651911029,0.0017358330930692112,34,0.716273849607183,0.7162603617950917,0.7160953340599231,0.7158884974852884,0.7159427998608866,0.7160921685616745,0.0001581770543251381,0.724753949218427,0.723078197481776,0.7274439168167676,0.7260966912679326,0.7246400726042654,0.7252025654778338,0.0014733438781733136,36,0.7253621541195676,0.7253235744117769,0.723489570348209,0.7253633728427156,0.7248399991715168,0.7248757341787572,0.0007207889920883405
1,1.5163563728332519,0.24410114246116646,0.07674551010131836,0.010464963316288945,0.0001,lbfgs,"{'C': 0.0001, 'solver': 'lbfgs'}",0.721308043378135,0.7200937905623247,0.7212243018046309,0.7234015827157392,0.7205124984298455,0.7213080433781351,0.0011399316887148272,33,0.7217598844329994,0.7218750327125795,0.7213620994671776,0.7213306953909284,0.7218645646871631,0.7216384553381696,0.0002420446526630094,0.7213219386416758,0.7200847750233185,0.7210616337813662,0.7234743633717752,0.7204429091442078,0.7212771239924687,0.001182701631953907,33,0.7217565012845022,0.7218778382065227,0.7213882622925529,0.7213123756667614,0.721885674494964,0.7216441303890606,0.0002454057031774889,0.7918015370429747,0.7897861106090049,0.7902493214952966,0.7960362743844664,0.7941710588463835,0.7924088604756252,0.0023738046249099703,34,0.7933075994465311,0.7936745855651677,0.7934620897906832,0.7922524423866626,0.7928496708611056,0.79310927761003,0.0005069404962877917,0.7345963618073602,0.7303380187416332,0.736061635324331,0.7371611382387607,0.7303950103950104,0.7337104329014191,0.0028490557680106074,35,0.7346840529962115,0.734640030154542,0.731038102235751,0.7350924144852388,0.7339611165873199,0.7338831432918127,0.0014681286961510712,0.7151717946625317,0.7160200147649906,0.7190256534757627,0.715359477124183,0.7189751146037983,0.7169104109262533,0.0017296381016961842,33,0.716273849607183,0.7162661548827048,0.7160953340599231,0.7159176525687756,0.7159427998608866,0.7160991581958946,0.0001521918711375814,0.724753949218427,0.7231081472890694,0.7274439168167676,0.7260966912679326,0.7246400726042654,0.7252085554392924,0.0014647306704862425,35,0.7253621541195676,0.7253367516772973,0.723489570348209,0.7253783385085159,0.7248399991715168,0.7248813627650214,0.000724475169486995
2,2.0008881092071533,0.11087604599548309,0.06465096473693847,0.004672086531696003,0.0001,liblinear,"{'C': 0.0001, 'solver': 'liblinear'}",0.7196750826948038,0.719758824268308,0.7194238579742913,0.7233178411422351,0.7204706276430934,0.7205292467445463,0.001436991737140325,36,0.7213306953909284,0.7211736750096829,0.7210271226538538,0.7210794627809356,0.7217075443059175,0.7212637000282636,0.00024474592653640916,0.7197044478475787,0.7197347137270901,0.7190725173213919,0.7234823545137048,0.7202865544423986,0.7204561175704329,0.001561194556601083,36,0.7213229098540687,0.7211800910067024,0.7210984093056099,0.7210384585087333,0.721757585683734,0.7212794908717697,0.0002573819434460452,0.7910307125984786,0.78900023023954,0.7897280098282925,0.795361329703576,0.7932877932877932,0.7916816151315361,0.0023473466011114394,36,0.7927040737821047,0.7930619056363496,0.7927966341155864,0.7916276418842676,0.7922516403592467,0.792488379155511,0.0005034663492905638,0.7477575655964457,0.7471552878179384,0.7514704664070914,0.7544199360161643,0.7466112266112266,0.7494828964897732,0.0029988601225598745,22,0.7510726918810307,0.7503664614482557,0.747391623806025,0.7518817429121017,0.7503827520395965,0.7502190544174019,0.0015189548746507488,0.707599555767095,0.7086739147686691,0.7102254932665205,0.7082674675940562,0.7121440469580392,0.709382095670876,0.0016285612586242283,36,0.709001817750731,0.7088905594682282,0.7089348652900297,0.7087447525572045,0.7090285759581467,0.708920114204868,0.00010028180869274571,0.7271245159975546,0.7274060196310023,0.7302660709254116,0.730615572768039,0.7289704449496589,0.7288765248543332,0.001427996327739981,33,0.7294311355944261,0.7290390836402109,0.7276554867455598,0.729676260817515,0.7291197538285971,0.7289843441252618,0.0007022201170258908
3,26.26457142829895,1.1529870375654807,0.06575284004211426,0.015621025013159498,0.0001,sag,"{'C': 0.0001, 'solver': 'sag'}",0.721308043378135,0.7201356613490767,0.7211405602311267,0.7233597119289872,0.7205124984298455,0.7212912950634343,0.00111744022691765,35,0.7217912885092485,0.7218540966617467,0.7213725674925938,0.7213411634163448,0.7218959687634121,0.7216510169686692,0.0002426776393487504,0.7213222016163814,0.7201264617602082,0.7209760658680973,0.7234331593749279,0.7204411523892044,0.7212598082017638,0.001162972868816813,35,0.7217878587915875,0.7218569435757525,0.721399326402504,0.7213226627945122,0.7219172433657626,0.7216568069860237,0.00024617267508470137,0.791795092409522,0.7897792031422985,0.7902439912535784,0.7960299628199761,0.794163071046188,0.7924022641343127,0.002373515832422295,35,0.7933018018109789,0.7936694804725605,0.7934562101468005,0.7922465557625039,0.792844441708707,0.7931036979803101,0.0005070554959168935,0.7348478497778523,0.7305890227576974,0.7361444785021953,0.7372453274962115,0.7306444906444907,0.7338942338356895,0.002781656492980418,34,0.7348933587290956,0.7348075553880303,0.7312690248766663,0.7352387722672912,0.7340869528743105,0.7340591328270788,0.001444513393792129,0.7150664817684966,0.7159724499836012,0.7188738775180001,0.7152658662092625,0.7188676157748323,0.7168092582508385,0.0017099161004235043,35,0.7162294480029374,0.716166295895667,0.7160123329907503,0.7158706893041814,0.7159337287788914,0.7160424989944856,0.0001360405246736727,0.7248222258971392,0.7232068908398213,0.7274066797642436,0.7260892997802745,0.7247082113251123,0.7252466615213181,0.0014146700457129992,34,0.7254413785266376,0.7253671796673936,0.7235602638001767,0.7254254770500259,0.7248967081214859,0.724938201433144,0.0007176462714937147
4,8.376796913146972,1.7990131469985196,0.06972084045410157,0.016897494365047516,0.001,newton-cg,"{'C': 0.001, 'solver': 'newton-cg'}",0.727337436670435,0.7285516894862455,0.7283842063392371,0.7324456726541891,0.7308545827576101,0.7295147175815433,0.0018618145597827356,29,0.7310554910027321,0.7306053659098284,0.7302808571219211,0.7293492028598646,0.7303855373760848,0.7303352908540862,0.0005602653061473908,0.7273542312623125,0.7285393670062027,0.7281992201968581,0.7325280606897601,0.7307459721745435,0.7294733702659354,0.0018940548992886163,29,0.7310511222747926,0.7306089772354378,0.7303182109818993,0.7293264439866707,0.7304122729761953,0.7303434054909992,0.000567623042625867,0.7998401758954357,0.7983233186987606,0.7995866145062304,0.8047334138922724,0.8026965172419719,0.8010360080469342,0.0023374148301930366,30,0.8026373520832372,0.8029033613245556,0.8026542717368286,0.801317567888429,0.8018857391295671,0.8022796584325235,0.0005895889763776485,0.743398440774583,0.7425535475234271,0.7452572280672687,0.7480215524499074,0.7462785862785862,0.7451018710187545,0.001966161819803207,32,0.7477447307281746,0.7470368974326758,0.7440957279311431,0.7464455967215857,0.745705836706445,0.7462057579040049,0.0012505119446223306,0.7198636252942608,0.7226610210894878,0.7250161186331399,0.723416381696792,0.7265808436563841,0.7235075980740129,0.0022682161856687096,29,0.7236908741010838,0.7231851446410833,0.7230574651679892,0.722268304032046,0.7228739301034827,0.723015143609137,0.00046152221420897675,0.7314417683932696,0.732472248586638,0.7349973446627722,0.7355132450331126,0.7362979980308499,0.7341445209413285,0.001862232191681919,30,0.7355211957752569,0.7349175447812696,0.7334257573249461,0.734157952640941,0.7341124003798984,0.7344269701804624,0.0007227371402257673
5,3.2867897033691404,0.23781377303741283,0.07396206855773926,0.01036986107638554,0.001,lbfgs,"{'C': 0.001, 'solver': 'lbfgs'}",0.727337436670435,0.7285516894862455,0.7283842063392371,0.7324456726541891,0.7308545827576101,0.7295147175815433,0.0018618145597827356,29,0.7310554910027321,0.7306367699860775,0.7302599210710884,0.7293596708852809,0.7303855373760848,0.7303394780642527,0.0005602731294975351,0.7273542312623125,0.7285393670062027,0.7281992201968581,0.7325280606897601,0.7307459721745435,0.7294733702659354,0.0018940548992886163,29,0.7310511222747926,0.7306403744096921,0.730297331539798,0.7293368981139602,0.7304122729761953,0.7303475998628877,0.00056725448618505,0.7998406808068703,0.798324777331324,0.7995858780912563,0.8047326705302325,0.8026964962029897,0.8010361005925345,0.0023368778522406017,29,0.802637121089517,0.8029044487921231,0.8026536427455528,0.801316474720845,0.8018860126409749,0.8022795399978027,0.0005900316283892311,0.743398440774583,0.7425535475234271,0.7452572280672687,0.7480215524499074,0.7462785862785862,0.7451018710187545,0.001966161819803207,32,0.7477447307281746,0.7470368974326758,0.7440957279311431,0.7464665049761646,0.745705836706445,0.7462099395549207,0.001251341645148519,0.7198636252942608,0.7226610210894878,0.7250161186331399,0.723416381696792,0.7265808436563841,0.7235075980740129,0.0022682161856687096,29,0.7236908741010838,0.7232291286542594,0.7230279664647207,0.7222739227189966,0.7228739301034827,0.7230191644085087,0.0004629977431758775,0.7314417683932696,0.732472248586638,0.7349973446627722,0.7355132450331126,0.7362979980308499,0.7341445209413285,0.001862232191681919,30,0.7355211957752569,0.7349402554594148,0.7334105816383538,0.7341709679409407,0.7341124003798984,0.734431080238773,0.0007291425020656145
6,3.9472521781921386,0.26782946175227085,0.06181640625,0.007249847261302193,0.001,liblinear,"{'C': 0.001, 'solver': 'liblinear'}",0.7268349872294101,0.7283423355524851,0.7285935602729975,0.73286438052171,0.730352133316585,0.7293974793786375,0.002061880118445723,32,0.7306891101131594,0.7303750693506684,0.729935412283181,0.7291189063007045,0.7302808571219211,0.7300798710339269,0.00053722085934977,0.7268542357013255,0.7283277671073196,0.7283836220131465,0.7329596945595507,0.730225930615541,0.7293502499993766,0.0020978481774849385,32,0.7306841742858856,0.7303792375484799,0.7299801711267415,0.7290926400301696,0.7303113621695312,0.7300895170321615,0.0005463498469093845,0.7996316334475382,0.7981267889988137,0.7995226656325622,0.8046218324449339,0.8024809378056131,0.8008767716658923,0.0023471346891084906,32,0.8025604929773122,0.8028284650092845,0.8025660130836586,0.8012270523851884,0.8018089968253426,0.8021982040561573,0.000593023346704661,0.7452426858915249,0.7448962516733602,0.7477425234031978,0.7508839872032329,0.7482744282744282,0.7474079752891488,0.0021882666995017334,30,0.7495447600309773,0.7493403693931399,0.7464889262097197,0.7488500459981601,0.7477611627272918,0.7483970528718578,0.0011364492236446992,0.7183838383838383,0.7213579646734727,0.7242237021583888,0.7227714748784441,0.7250020143421159,0.7223477988872519,0.0023424828175422825,32,0.7224037763253449,0.7218736761412923,0.7215413335497748,0.7209194661943198,0.721843176158565,0.7217162856738593,0.00048560186962634766,0.7315668202764977,0.732938174034741,0.7357952229558979,0.7365595837806591,0.736454411523981,0.7346628425143553,0.002032213939221118,29,0.7357240444175082,0.7353506293347033,0.7338031511499531,0.7346193684685517,0.7345736242454209,0.7348141635232274,0.0006683755059945215
7,112.49455947875977,4.092944414211868,0.060218286514282224,0.005099050200385644,0.001,sag,"{'C': 0.001, 'solver': 'sag'}",0.727337436670435,0.7282585939789809,0.7282585939789809,0.7324456726541891,0.730812711970858,0.7294226018506887,0.0019041589066520527,31,0.730908938646903,0.7306263019606611,0.7302075809440065,0.7293387348344482,0.7303750693506684,0.7302913251473374,0.0005319981931742912,0.7273544065787828,0.7282460135572042,0.7280731389397919,0.7325293966375771,0.7307014642079577,0.7293808839842627,0.0019371010669433667,31,0.7309045096401665,0.7306299547083566,0.7302455302729358,0.7293157950265861,0.7304020428167312,0.7302995664929552,0.0005396925406719533,0.7998234436914984,0.7983133677391094,0.799585148689758,0.8047286802189046,0.8026810115121803,0.8010263303702903,0.0023379252049354213,31,0.8026346568642903,0.8029009970359386,0.8026505687972489,0.801313365285865,0.8018833722039214,0.8022765920374528,0.0005899793643300822,0.7435660994215777,0.7425535475234271,0.7451743848894044,0.7482741202222596,0.7466112266112266,0.7452358757335791,0.0020547183891063436,31,0.7478284530213283,0.7472463039745362,0.7442426787026346,0.7465710462490591,0.7458316729934356,0.7463440309881988,0.0012447757537662402,0.7197922583786416,0.7222493489583334,0.724877105326779,0.7233072916666666,0.7263754045307443,0.7233202817722331,0.002251732202106679,31,0.7234494907566769,0.7231239994325896,0.72289058358142,0.7221997492010841,0.7228048780487805,0.7228937402041102,0.00041265189886293557,0.7314860630051131,0.7322607260726073,0.7348856209150326,0.7355789125217247,0.7363543161779782,0.7341131277384912,0.0019026853342042952,32,0.7354369931250256,0.7349872812844357,0.7334112560381477,0.7341832013981701,0.7341377566292668,0.7344312976950091,0.0007083423128943645
8,12.352572917938232,0.5431190648698193,0.05456275939941406,0.00389993373476394,0.01,newton-cg,"{'C': 0.01, 'solver': 'newton-cg'}",0.7289285265670142,0.7308964535443621,0.7306452288238496,0.7351672737930746,0.7327387681614538,0.7316752501779509,0.0021230759859734755,25,0.7335887531534927,0.7337562415601545,0.732824587298098,0.7308880025960703,0.7329292675522616,0.7327973704320154,0.001020739300046952,0.7289453229022932,0.730882807485074,0.7304532426567574,0.7352526333424945,0.7326211731406537,0.7316310359054545,0.0021566843432265998,25,0.733584285977442,0.7337598599415411,0.7328644857933422,0.7308648150270943,0.7329572736152827,0.7328061440709404,0.001030541715867518,0.8015379616329862,0.8002661331213154,0.8017291542592433,0.8071222078076997,0.8050900450900451,0.8031491003822581,0.002548582518268663,26,0.8052922637217309,0.8055755728923572,0.805272298234929,0.8038355759746676,0.8044540634101344,0.8048859548467637,0.000644941416292038,0.7449911979210327,0.7464022757697456,0.7481567392925192,0.7513049334904867,0.7494386694386694,0.7480587631824906,0.0022183448534607362,28,0.7506540804152626,0.7502198768689534,0.7475805605122284,0.7483064313791085,0.7489775801682012,0.7491477058687508,0.001149899562347445,0.7214059582758341,0.7242835105951124,0.7268995492594977,0.7258235054900366,0.7278307220158294,0.7252486491272621,0.002254808056230107,25,0.7259772069391308,0.7262223303332522,0.7251272653227449,0.7236150424585523,0.7250284229332468,0.7251940535973854,0.000916062505433256,0.7330089079511714,0.7351765626931475,0.7373749744845888,0.7383444338725024,0.7384766665300938,0.7364763091063007,0.002098148275801829,27,0.7381094486406389,0.7380260799703356,0.7361827484624529,0.7357536386810295,0.7368084425967382,0.736976071670239,0.0009527711602170895
9,4.64306640625,0.2825432708901594,0.052564811706542966,0.0038947421388841872,0.01,lbfgs,"{'C': 0.01, 'solver': 'lbfgs'}",0.7288866557802621,0.730812711970858,0.7306870996106016,0.7351254030063225,0.7326968973747017,0.7316417535485492,0.0021184135493388235,28,0.7335887531534927,0.7337457735347381,0.7327827151964325,0.7308880025960703,0.7329292675522616,0.732786902406599,0.0010186760347163464,0.7289034082405446,0.7307990658468253,0.7304946642456895,0.7352109840297081,0.7325795930990736,0.7315975430923681,0.0021509833976684077,28,0.7335842804984638,0.7337493942167896,0.732822613383885,0.7308647871938379,0.7329572736152827,0.7327956697816519,0.0010282651881220472,0.801538389405174,0.8002650742101757,0.8017302974558224,0.807122467283129,0.8050908585973522,0.8031494173903306,0.00254884552491395,25,0.8052926389221567,0.805574980286089,0.8052731406887491,0.8038365985728925,0.8044545797505809,0.8048863876440937,0.0006445607800668071,0.7449073685975354,0.7463186077643909,0.7482395824703836,0.7513049334904867,0.7493555093555093,0.7480252003356611,0.0022452467261492057,29,0.7506750109885509,0.7502198768689534,0.7475385745775165,0.7483273396336874,0.7489775801682012,0.7491476764473819,0.0011639122479262928,0.7213833414515344,0.724202321993992,0.7269215291750503,0.7257644762524398,0.7278087391971569,0.7252160816140347,0.002264895897236722,26,0.7259680586199219,0.726207609510875,0.7250865404194665,0.7236060005660911,0.7250284229332468,0.7251793264099202,0.0009150081906693971,0.7329566544314761,0.7350941530347357,0.7374265186152841,0.7383138909572268,0.7384249774645579,0.7364432389006561,0.0021151723231907288,28,0.7381148384441242,0.7380184782720651,0.736141402656468,0.7357590708192003,0.7368084425967382,0.7369684465577191,0.000958016024645924
10,5.9102143287658695,0.7748205358594731,0.05980873107910156,0.0008175535567530298,0.01,liblinear,"{'C': 0.01, 'solver': 'liblinear'}",0.7287610434200059,0.7308964535443621,0.7307289703973537,0.7352510153665788,0.7327387681614538,0.7316752501779508,0.0021868579209974076,26,0.7335992211789091,0.7336620293314072,0.7326780349422688,0.7309822148248176,0.7330130117555925,0.7327869024065989,0.0009742262317038624,0.728778277862945,0.730882365687711,0.7305315446089472,0.7353381585477623,0.7326176596306466,0.7316296012676023,0.0022191796242948952,26,0.7335946636004353,0.7336657374539018,0.7327191243754154,0.7309586516733914,0.7330416402691631,0.7327959634744615,0.0009835044133597772,0.8014888800339268,0.8002202983980735,0.8017157374797602,0.8071164011683688,0.8050571892130333,0.8031197012586325,0.0025598710455445885,27,0.8052888544823475,0.8055739879335808,0.8052673324912624,0.8038286658756458,0.8044503819641163,0.8048818445493906,0.0006463227962024513,0.7452426858915249,0.7469042838018741,0.7487366415375694,0.7517258797777404,0.7499376299376299,0.7485094241892677,0.0022664968874817884,26,0.7510099001611654,0.750533986681744,0.7478744620552115,0.7486827799615288,0.7494180071726684,0.7495038272064637,0.0011546253714625205,0.7210641576770217,0.7240652121015492,0.7267610164039884,0.7257579452166139,0.7276101339357753,0.7250516930669897,0.0023168850308011996,28,0.725836468827123,0.7259524822264082,0.72479248046875,0.7235839715480833,0.724954351795496,0.7250239509731722,0.0008549057182935338,0.7329540770055241,0.7353074420328651,0.7375851797445627,0.7385137091104587,0.7386051844874891,0.7365931184761798,0.0021733315587189163,25,0.7382086389400376,0.73803861003861,0.7361525824749192,0.7359194368802342,0.7369832217879573,0.7370604980243517,0.0009388539259049787
11,200.99520506858826,13.888499249309401,0.060389232635498044,0.0048310328930544965,0.01,sag,"{'C': 0.01, 'solver': 'sag'}",0.7287610434200059,0.7308545827576101,0.7305614872503454,0.7352091445798267,0.73286438052171,0.7316501277058995,0.0022048060607145065,27,0.7336724973568236,0.7336096892043253,0.7325838227135215,0.7309298746977357,0.7328559913743471,0.7327303750693506,0.0009939664370374921,0.7287779272300041,0.7308408998495027,0.7303667664983535,0.7352960639190369,0.7327453276803926,0.7316053970354581,0.002237575070308999,27,0.7336679808757047,0.7336133628067287,0.7326244289718045,0.7309065758697393,0.7328844547094756,0.7327393606466905,0.001001955779568904,0.8014761590708328,0.8002180333100064,0.8016955246420862,0.8070905798567541,0.8050392008833567,0.8031038995526073,0.0025534405817660604,28,0.8052513532874481,0.8055340887003156,0.8052332380958722,0.8037927776309516,0.8044118567426775,0.804844662891453,0.0006458296179779986,0.7449073685975354,0.7464022757697456,0.7483224256482479,0.7516416905202896,0.7497713097713098,0.7482090140614257,0.002383361649781124,27,0.7509261778680119,0.7503245801398836,0.7476015534795843,0.748431880906582,0.7491663345986871,0.7492901053985498,0.001212431209458355,0.7212076941806671,0.7242247118038643,0.7267095736122284,0.725735652739392,0.7278598530717688,0.7251474970815842,0.002302887958618162,27,0.7259758392521095,0.7259705000405219,0.7247786710084461,0.7236193094525754,0.7248432458756925,0.7250375131258691,0.0008794272189653618,0.7328659793814432,0.7351462711166048,0.7373576588710665,0.7384615384615385,0.7386531214156972,0.7364969138492701,0.002202624971716736,26,0.7382402568006915,0.7379466584285862,0.7360132272398471,0.7358164775530341,0.736804108826138,0.7369641457696594,0.0009839502728854854
12,28.118071794509888,3.0061401589601218,0.05420684814453125,0.0033590859657372666,0.1,newton-cg,"{'C': 0.1, 'solver': 'newton-cg'}",0.7299752962358163,0.7320269647866683,0.7315663861323954,0.7366746221161495,0.7335343131097434,0.7327555164761546,0.0022645245124492904,16,0.7346355556951293,0.7343843230851365,0.7333793926451654,0.7315265521464687,0.7337353055093218,0.7335322258162443,0.0010982470384068926,0.7299921375471876,0.7320115155955311,0.7313763248000185,0.7367622508694005,0.7334205632906932,0.7327125584205663,0.002305599743485337,13,0.7346309242214257,0.7343880519530728,0.733420515615138,0.7315029899571106,0.7337638081313826,0.7335412579756261,0.001106623366120705,0.8021760715093723,0.8006801042630557,0.8023734612538979,0.8078370906661148,0.8058102865895075,0.8037754028563896,0.0026359906702119345,16,0.8063002317760305,0.8066572888478009,0.806287052270696,0.8048406011143924,0.8054884546258653,0.805914725726957,0.0006594077179447172,0.7460809791264984,0.7495816599732262,0.748902327893298,0.7532412864118538,0.7496881496881497,0.7494988806186053,0.0022841279336935564,21,0.7523285262783348,0.7513506721949994,0.7485882229453134,0.7492263945805804,0.75006816132212,0.7503123954642695,0.0013678173225754552,0.7224025974025974,0.7244864952288533,0.7278582930756844,0.7271028037383177,0.7288382245937424,0.726137682807839,0.00236060023922386,2,0.7267139766684863,0.7266099635479951,0.7254694525257869,0.724109362054681,0.7256863421463791,0.7257178193886658,0.0009421318843742029,0.734050888696441,0.7368204622090633,0.738230370340125,0.7399412810652111,0.7391161761088791,0.7376318356839439,0.0020676825889797057,18,0.7392994508319793,0.7387732410896286,0.7368475430838534,0.7364537841031702,0.7376758384555092,0.7378099715128281,0.0010890308873349546
13,11.128562450408936,0.46116154751827754,0.05819358825683594,0.0030830709863475226,0.1,lbfgs,"{'C': 0.1, 'solver': 'lbfgs'}",0.7299752962358163,0.7319850939999163,0.7315245153456433,0.7366327513293974,0.7334924423229913,0.7327220198467529,0.002254282096368186,20,0.7346774277967947,0.7343215149326383,0.7333793926451654,0.7315474881973013,0.7337876456364036,0.7335426938416607,0.0010919430082649657,0.7299921375471876,0.7319696079599598,0.7313339949659514,0.7367201562406751,0.733378397664112,0.7326788588755772,0.0022957180228831897,20,0.7346728127628934,0.7343252345928561,0.7334204588525106,0.731523870378433,0.7338160203195272,0.733551679381244,0.0011004028385601088,0.8021766465473952,0.8006756722641131,0.8023722409090833,0.8078361439314412,0.8058129655532253,0.8037747338410517,0.0026372141556897898,17,0.8063001502488352,0.8066562075166889,0.8062875361775729,0.8048393909156357,0.8054885642057563,0.8059143698128978,0.0006595897063894743,0.7460809791264984,0.7495816599732262,0.748902327893298,0.753157097154403,0.7496881496881497,0.749482042767115,0.0022566227696549446,23,0.7523075957050464,0.7512459689240691,0.7485672299779574,0.7492891193443172,0.7500471886076214,0.7502914205118023,0.001342625408040224,0.7224025974025974,0.7244279129942589,0.7277996940665002,0.7270806241872562,0.7287793047696038,0.7260980266840432,0.002345033015414427,5,0.7267819229602669,0.7265675631885936,0.7254786270879534,0.7241114546079085,0.7257691371052846,0.7257417409900013,0.0009478158043812305,0.734050888696441,0.7367901640692464,0.7382002286460885,0.7398891737656107,0.7390858782537405,0.7376032666862253,0.002052335112269923,21,0.7393245022214908,0.7387007103881396,0.7368421052631579,0.7364851673362859,0.7377084687026207,0.737812190782339,0.0010760453884109305
14,17.980850553512575,3.4006023651214137,0.05739436149597168,0.0043255322816338265,0.1,liblinear,"{'C': 0.1, 'solver': 'liblinear'}",0.72984968387556,0.7319432232131642,0.7314826445588912,0.7366746221161495,0.7336180546832475,0.7327136456894026,0.002315965532029974,21,0.7346460237205455,0.7343529190088873,0.7333479885689163,0.7315893602989668,0.7337562415601545,0.7335385066314941,0.0010744988301458508,0.7298666565366472,0.7319278475901763,0.7312925733770193,0.7367622508694005,0.7335043089588544,0.7326707274664195,0.00235581895932278,21,0.7346413840290917,0.7343566455741353,0.7333891396893587,0.7315657703873603,0.7337847442461976,0.7335475367852287,0.001082581535075526,0.8021600195333404,0.8006697746199505,0.8023700667315403,0.8078294326345332,0.8058041011287764,0.8037666789296283,0.002637413628353721,18,0.8062976842703354,0.8066550705191595,0.8062834260373695,0.8048380045126413,0.8054857339763315,0.8059119838631673,0.0006593985869810695,0.7460809791264984,0.7494143239625167,0.7488194847154337,0.7532412864118538,0.7497713097713098,0.7494654767975225,0.0022901973242212413,24,0.7523703874249116,0.7513087908866273,0.7485672299779574,0.7493100275988961,0.7500891340366184,0.7503291139850021,0.001365791109965972,0.7222267305039357,0.724441928178583,0.7277777777777777,0.7271028037383177,0.7289190718732315,0.726093662414369,0.002429771090650089,8,0.7267103347889374,0.7265841754592033,0.7254343491882654,0.7241609246499222,0.7257066331189254,0.7257192834410507,0.0009208746557658942,0.7339600857661223,0.7367165652245437,0.7381487076885386,0.7399412810652111,0.7391981634828237,0.7375929606454479,0.002114993548052445,22,0.7393177774806924,0.738739666230838,0.7368192666522022,0.7365208545269584,0.7376964646672992,0.737818805911598,0.0010764407462115163
15,391.09473876953126,18.344888043374294,0.06406431198120117,0.010630997119732291,0.1,sag,"{'C': 0.1, 'solver': 'sag'}",0.7295984591550475,0.7314407737721392,0.731357032198635,0.73688397604991,0.7336180546832475,0.7325796591717959,0.002501393181182545,24,0.734457599263051,0.7342063666530583,0.7332119042385035,0.7314428079431377,0.7336410932805745,0.733391954275665,0.0010670076330416955,0.7296155191990961,0.7314255450264725,0.7311628591394134,0.7369713880652102,0.7335043089588544,0.7325359240778093,0.002540004869274044,24,0.7344529869535834,0.7342101116205904,0.7332530827399363,0.7314189672732048,0.7336699067120265,0.7334010110598683,0.0010755447206097421,0.8019971505323176,0.8006191292143121,0.8022364179339292,0.8077006136032869,0.8057277857277858,0.8036562194023263,0.0026321388272189787,24,0.8061277232989292,0.8064611826347866,0.806112159821958,0.804667688214095,0.8052928295362136,0.8057323167011965,0.0006570320398278076,0.7459133204795038,0.7487449799196787,0.7490680142490266,0.7534096649267553,0.7497713097713098,0.7493814578692548,0.0024045691772615068,25,0.752077359398874,0.7512459689240691,0.7484412721738217,0.7493518441080539,0.7501520521801137,0.7502536993569866,0.0012976056546581138,0.721947261663286,0.7240291262135923,0.7274921554429158,0.7273244473342002,0.7289190718732315,0.7259424125054451,0.002561020074820144,24,0.726574190156509,0.7264057343025493,0.725297528227037,0.7239380289656008,0.7255172413793104,0.7255465446062013,0.0009428099186615172,0.733734641708584,0.7361796643632774,0.7381224489795919,0.7401372922008105,0.7391981634828237,0.7374744421470175,0.0022866768611299665,24,0.7391058407298083,0.7386170617967697,0.7366876743465235,0.736425746134484,0.7376290201173425,0.7376930686249856,0.0010460128644615948
16,81.38526196479798,8.090477295095623,0.06427497863769531,0.004550152988525714,1.0,newton-cg,"{'C': 1.0, 'solver': 'newton-cg'}",0.7302683917430809,0.7322363187204287,0.7314826445588912,0.736381526608885,0.733408700749487,0.7327555164761546,0.002080872790093999,16,0.7347507039747092,0.7345518114917983,0.733714369458489,0.731620764375216,0.73414355850056,0.7337562415601545,0.0011255147713569735,0.7302857154958988,0.7322209801404933,0.7312889403964797,0.7364675884683228,0.7332940664109495,0.7327114581824288,0.0021258551321652374,17,0.734746102643272,0.7345555679818778,0.7337552110776593,0.7315974389350495,0.7341721904691647,0.7337653022214047,0.001135938426622274,0.8022940314433316,0.8006241713143749,0.8024687743919927,0.8079839888232011,0.8058011767102676,0.8038344285366336,0.0026694769087311204,13,0.8065424464434616,0.8068995162215775,0.8065177689005314,0.8050532997919245,0.805736219142614,0.8061498501000217,0.0006670844884380826,0.7468354430379747,0.749665327978581,0.7491508574268909,0.7526519616096986,0.7496881496881497,0.7495983479482591,0.0018531593768625234,17,0.7523285262783348,0.7516438413536038,0.7488191455862286,0.7491427615622648,0.750550533755584,0.7504969617072031,0.0013654125116076543,0.722488038277512,0.7247431853110087,0.7276311554554232,0.7269474711335177,0.7286614936954413,0.7260942687745805,0.0022140886907647105,7,0.7268756319514661,0.7267168772270813,0.7258409132531591,0.7242773398019001,0.726049908703591,0.7259521341874395,0.0009235308574062735,0.7344600164880462,0.7369936253341559,0.7382342136413731,0.7395764394440767,0.7390252899946714,0.7376579169804647,0.0018193628662531963,16,0.7393830931737069,0.7389702097873305,0.7371510053937879,0.7365002363871815,0.7380969568221427,0.73802030031283,0.0010799700557101693
17,28.063334226608276,2.9591118938102494,0.07196044921875,0.01035255526268687,1.0,lbfgs,"{'C': 1.0, 'solver': 'lbfgs'}",0.7302265209563288,0.7321944479336767,0.7313989029853871,0.736381526608885,0.733324959175983,0.7327052715320521,0.0020981233572410223,22,0.7347402359492928,0.7345832155680474,0.733714369458489,0.7316626364768813,0.7341749625768091,0.733775084005904,0.0011145060418113876,0.7302438884923854,0.732179072504922,0.7312060972186154,0.736468033784262,0.7332103207427882,0.7326614825485945,0.002144140042195903,22,0.7347356428356059,0.734586978963157,0.7337550975524048,0.7316393111107202,0.7342035763415451,0.7337841213606866,0.0011248972680073506,0.8022892908859713,0.8006228178716599,0.802469118052314,0.807981625492942,0.8057987922922989,0.8038323289190371,0.0026692287896871738,14,0.806542520957565,0.8069002898532811,0.8065175918186671,0.8050545612740041,0.8057378759905658,0.8061505679788168,0.0006666276171565741,0.7468354430379747,0.749665327978581,0.7489851710711622,0.7527361508671494,0.7496049896049896,0.7495654165119714,0.0018896848743778817,18,0.7522866651317579,0.751706663316162,0.7487771596515167,0.7491845780714226,0.7505715064700824,0.7505053145281882,0.0013676033286278038,0.7224294518326305,0.7246845681009382,0.7275873169161435,0.7269105691056911,0.7285806660200452,0.7260385143950898,0.0022127045306122493,22,0.7268792848908933,0.7267334750480818,0.725859297095993,0.7243177683444512,0.7260849276714886,0.7259749506101816,0.0009126777706695299,0.7344297432092659,0.7369633163349234,0.7381311997387435,0.7395979816361982,0.7389433127023813,0.7376131107243025,0.0018184404059807774,20,0.7393647659014234,0.7390091508919289,0.7371401409469485,0.7365413472013813,0.7381251933587708,0.7380361196600906,0.0010730468111183901
18,36.45869746208191,5.874443459261915,0.062029552459716794,0.004815117540274636,1.0,liblinear,"{'C': 1.0, 'solver': 'liblinear'}",0.7302265209563288,0.7321944479336767,0.7315245153456433,0.7363396558221329,0.733366829962735,0.7327303940041034,0.0020708734084551018,18,0.7347611720001256,0.7344890033393001,0.7337039014330726,0.731652168451465,0.7341540265259764,0.7337520543499879,0.0011076852770674106,0.730243713175915,0.732179072504922,0.7313321784756817,0.7364254938395974,0.7332519007843683,0.7326864717560968,0.0021146455919344885,19,0.7347565679299162,0.7344927736333692,0.7337447713566088,0.7316288291501742,0.7341826768264139,0.7337611237792965,0.0011181122774223393,0.8022851534172692,0.8006204826570271,0.802467455858515,0.8079778175156995,0.8057997811244565,0.8038301381145935,0.002669400936650184,15,0.8065417389977989,0.8068989578041326,0.8065164149255835,0.8050522552777495,0.805735192598195,0.8061489119206918,0.0006671971026160169,0.7466677843909799,0.749665327978581,0.7490680142490266,0.7525677723522478,0.7496881496881497,0.749531409731797,0.0018802704560584808,20,0.7523494568516231,0.7516438413536038,0.7488191455862286,0.7491845780714226,0.7505715064700824,0.7505137056665921,0.0013629852565223888,0.7225016223231667,0.7246845681009382,0.7277263581488934,0.72692526632512,0.7286026024407986,0.7260880834677834,0.0022154089310939145,11,0.7268811550828093,0.7266286084456861,0.7258261435780563,0.7243031270845546,0.7260554665151854,0.7259389001412583,0.0009017313541390652,0.7343859504472935,0.7369633163349234,0.7382429784454605,0.7395243019648399,0.7389949995901304,0.7376223093565295,0.0018327779608758817,19,0.7393960587485087,0.7389245718050066,0.7371433885450356,0.7365337773255636,0.7381099698882152,0.738021553262466,0.001067443284526904
19,397.94139313697815,22.80985458508638,0.06747932434082031,0.014772830835075855,1.0,sag,"{'C': 1.0, 'solver': 'sag'}",0.7298078130888079,0.7316501277058995,0.7315663861323954,0.7367583636896538,0.7334505715362392,0.7326466524305992,0.0023567562884915937,23,0.7345099393901329,0.7342377707293073,0.7332747123910017,0.731620764375216,0.7337667095855709,0.7334819792942457,0.0010213789242828756,0.7298250048496042,0.7316345677740717,0.731372691819479,0.7368464401268512,0.733337403207533,0.7326032215555077,0.0023964518850528777,23,0.7345053133868045,0.7342415226018694,0.7333157778288676,0.7315970214362029,0.7337951940037631,0.7334909658515014,0.0010298065272702228,0.8020432447387211,0.8006116747603944,0.8022682871686241,0.8077270450328022,0.8057833286404716,0.8036867160682026,0.002641547274575763,23,0.8062178060282738,0.8065574719486732,0.8062021691309851,0.8047576189997905,0.8053856901657651,0.8058241512546974,0.0006580820637322073,0.7462486377734932,0.749330655957162,0.7492337006047552,0.7534096649267553,0.7495218295218296,0.7495488977567991,0.002277935491410242,19,0.752182012265316,0.7513087908866273,0.7484622651411778,0.7494563853809484,0.7500891340366184,0.7502997175421375,0.001318563484414064,0.7220960415314731,0.7240682351038887,0.727711618925008,0.7271471520273015,0.7287943721193498,0.7259634839414042,0.0024907851326335232,23,0.7266018318202956,0.7264223527029763,0.725376899757889,0.7241414141414141,0.7257213587110912,0.7256527714267331,0.0008784055109693219,0.7339736983138889,0.7364828748817894,0.7383158496265153,0.7400454827372338,0.7390127910790424,0.737566139327694,0.002139210361871705,23,0.7391706775268418,0.7386560158115786,0.7367387845349535,0.7365814565181653,0.7377040726875199,0.7377702014158117,0.0010224782348606878
20,661.5087694168091,186.7148858228135,0.0790827751159668,0.012864194801755909,10.0,newton-cg,"{'C': 10.0, 'solver': 'newton-cg'}",0.7303102625298329,0.7322781895071808,0.7316919984926517,0.7365071389691412,0.7331993468157266,0.7327973872629067,0.0020785124144366974,7,0.7346564917459619,0.7346460237205455,0.7338085816872363,0.7317045085785469,0.7341644945513928,0.7337960200567368,0.0010930022202739857,0.730327805474118,0.7322628141431706,0.7314978648314102,0.7365929817226209,0.7330832382780434,0.7327529408898726,0.002123757607963391,8,0.7346518986265396,0.7346498147327397,0.7338495091428792,0.7316810997866217,0.7341932363830304,0.7338051117343621,0.0011040479901854574,0.802298919266527,0.8006364574886589,0.8024775763043039,0.8080281136718375,0.8057808250016042,0.8038443783465862,0.002675848080184504,3,0.8065981575702438,0.8069445722690027,0.80657253278205,0.805103690697344,0.8057900881787103,0.8062018082994703,0.000666573840890931,0.7470869310084668,0.7497489959839357,0.7493993869604838,0.7527361508671494,0.7496881496881497,0.7497319229016371,0.0017963382487838824,12,0.7522029428386043,0.7518951292038363,0.7489451033903642,0.7492891193443172,0.7506344246135778,0.75059334387814,0.0013194574502210174,0.7224383916990921,0.7247654480750566,0.7278139834258589,0.7270879076197446,0.7283671325846328,0.7260945726808771,0.0022019013473021896,6,0.7267983901955629,0.7267391260347724,0.72591869124649,0.7243309887622281,0.7260426809477443,0.7259659754373595,0.0008912886326933079,0.7345559447764269,0.7370455667050502,0.7384489795918368,0.7396897621509824,0.7388738627981314,0.7377228232044855,0.001800491011274856,10,0.7392824816917634,0.7391031380903861,0.7372521465990226,0.7365987009783769,0.7381337842993699,0.7380740503317837,0.0010368295495495595
21,38.83903965950012,2.210911729967807,0.08586297035217286,0.007365352825136277,10.0,lbfgs,"{'C': 10.0, 'solver': 'lbfgs'}",0.7303102625298329,0.7322363187204287,0.7316919984926517,0.7364652681823891,0.7331993468157266,0.7327806389482058,0.002065719781190641,12,0.7345936835934638,0.7346774277967947,0.7338190497126527,0.7316731045022977,0.7342063666530583,0.7337939264516533,0.0011035225372950114,0.7303278931323531,0.7322209065075994,0.7314978648314102,0.7365513324098346,0.7330832382780434,0.7327362470318481,0.002110668813517156,11,0.734589095948718,0.7346812119069941,0.7338599488639297,0.7316496260717275,0.73423510861266,0.7338029982808058,0.001115005228271511,0.802285854683151,0.8006293256169426,0.8024792455115787,0.8080234220755663,0.8057808179886102,0.8038397331751698,0.0026774332786807286,11,0.8065968816258051,0.8069436842362371,0.8065729036019937,0.8051032672811907,0.8057901004516581,0.806201367439377,0.0006664036781552933,0.7471707603319642,0.7497489959839357,0.7493993869604838,0.7527361508671494,0.7496881496881497,0.7497486887663365,0.0017717969207830299,11,0.7521192205454508,0.7518951292038363,0.7489451033903642,0.7493100275988961,0.7506763700425746,0.7505891701562244,0.0012956348451909488,0.7224023342519047,0.724706833805095,0.7278139834258589,0.72702878516832,0.7283671325846328,0.7260638138471622,0.002215733200197683,19,0.7267468904843766,0.7267832564164844,0.7259334622036829,0.7242780056991572,0.7260832521908471,0.7259649733989096,0.0009101455129210014,0.7345778217332181,0.7370152568162192,0.7384489795918368,0.7396591661151555,0.7388738627981314,0.7377150174109122,0.001788462966278333,12,0.7392154039209232,0.7391259597768582,0.7372597644141352,0.736581405625379,0.7381750311929633,0.7380715129860518,0.0010305742297404008
22,82.4284692287445,23.5749438603979,0.07483415603637696,0.010584150262653,10.0,liblinear,"{'C': 10.0, 'solver': 'liblinear'}",0.730352133316585,0.7323200602939329,0.7317338692794038,0.7365071389691412,0.7332830883892308,0.7328392580496587,0.0020653123681734923,1,0.7345936835934638,0.7346146196442965,0.7338085816872363,0.7317359126547959,0.73414355850056,0.7337792712160705,0.0010648899526510788,0.7303696324776314,0.7323047217787418,0.7315392864203424,0.7365929817226209,0.7331669839462047,0.7327947212691083,0.0021101011245946814,1,0.7345890904697399,0.7346184083538023,0.7338495091428792,0.73171246216849,0.7341723368678991,0.7337883614005621,0.001076167163077791,0.8022884704048898,0.8006311979962428,0.8024765874041956,0.8080182325669855,0.8057798922733987,0.8038388761291424,0.0026751953719681295,12,0.8065970871970664,0.8069439467888662,0.8065722693508607,0.8051028789305574,0.8057899220555956,0.8062012208645892,0.000666565922513072,0.7470869310084668,0.7497489959839357,0.7494822301383481,0.7527361508671494,0.7497713097713098,0.7497651235538421,0.0017933234877650684,9,0.7521401511187391,0.7518532478954643,0.7489451033903642,0.7493518441080539,0.7506344246135778,0.7505849542252399,0.0012836919297519915,0.7224969598702878,0.7248240718272264,0.727835880933226,0.7270879076197446,0.7284479276076594,0.7261385495716288,0.0021956533725215476,1,0.7267377191740652,0.726713354653281,0.72591869124649,0.7243477030659472,0.7260132256886689,0.7259461387656904,0.0008689615030428806,0.7345862182657436,0.7370758790869834,0.7385004693685971,0.7396897621509824,0.7389558232931728,0.7377616304330958,0.0018023966723479893,1,0.7392207685345182,0.739069575957184,0.7372521465990226,0.7366376519674844,0.7381185617504822,0.7380597409617382,0.0010045653179598382
23,393.75809926986693,17.98400383848649,0.06658949851989746,0.011197283937833744,10.0,sag,"{'C': 10.0, 'solver': 'sag'}",0.7299752962358163,0.7317757400661559,0.7315663861323954,0.7367583636896538,0.7335761838964954,0.7327303940041034,0.0023150266741116684,18,0.7344890033393001,0.7343215149326383,0.7333584565943326,0.7315474881973013,0.7337667095855709,0.7334966345298286,0.0010541753778331323,0.729992663496599,0.7317602170478915,0.7313736000646138,0.7368464401268512,0.7334633145022755,0.7326872470476461,0.002355716506470634,18,0.7344843663765814,0.7343252530022224,0.7333994658851547,0.7315238425451767,0.7337952306034468,0.7335056316825164,0.0010632335214330328,0.802045664106013,0.8006085681535406,0.8022699142950434,0.8077275920350581,0.8057840369528682,0.8036871551085047,0.002642075165492224,22,0.8062264715801649,0.8065664386250246,0.8062106388162946,0.8047656625917441,0.8053946112838513,0.8058327645794158,0.0006582942668811024,0.7465839550674827,0.7494143239625167,0.7491508574268909,0.7534096649267553,0.7496049896049896,0.7496327581977271,0.0021836180036606243,16,0.7522029428386043,0.7513297315408133,0.7485252440432455,0.7493100275988961,0.7501101067511168,0.7502956105545351,0.0013302109354488296,0.7221861822899773,0.7242076326002588,0.7277482697569612,0.7271471520273015,0.7289341743490215,0.7260446822047041,0.0024790961236367784,21,0.7265632897317187,0.7265308601976349,0.7254674561028709,0.7241023983189542,0.7257121986851717,0.7256752406072701,0.0008987868818085208,0.7341824327109353,0.7365953947368422,0.7382944850389844,0.7400454827372338,0.7391250871222992,0.7376485764692589,0.002071993511635861,17,0.7391608391608391,0.7387222302291585,0.7368160026450653,0.7364905827108229,0.7377094828030732,0.7377798275097918,0.0010384002085029455
24,1214.5547411441803,153.16002655518875,0.0911362648010254,0.016158598633375622,100.0,newton-cg,"{'C': 100.0, 'solver': 'newton-cg'}",0.730352133316585,0.732361931080685,0.7316919984926517,0.7365490097558933,0.7331574760289746,0.7328225097349579,0.002078073763770891,2,0.734572747542631,0.7346460237205455,0.7338504537889018,0.7317045085785469,0.7341958986276419,0.7337939264516534,0.0010828735905900964,0.7303697201358667,0.732346629414313,0.7314969565862753,0.7366346310354073,0.7330410726514622,0.732777801964665,0.0021246070074796113,2,0.734568148938495,0.7346498239374228,0.7338913815523364,0.7316810162868522,0.7342245856557272,0.7338029912741668,0.0010946163091663105,0.8022981478740571,0.8006550831044683,0.8024750304125358,0.8080307364775257,0.8057790787660917,0.8038476153269357,0.002672308152274745,1,0.8066021462663597,0.8069476518929968,0.806576468908639,0.8051073471544349,0.8057940076322516,0.8062055243709365,0.0006664834974762444,0.7471707603319642,0.7497489959839357,0.7494822301383481,0.7527361508671494,0.7496881496881497,0.7497652574019094,0.0017688378949420368,3,0.7521401511187391,0.7519370105122084,0.7489870893250761,0.7493518441080539,0.7506344246135778,0.7506101039355311,0.0012899388482130742,0.722460890005674,0.7248827050639055,0.7277773308663824,0.7271470396877033,0.7283082888996607,0.7261152509046652,0.0021684112326350188,3,0.7267083257497624,0.7267207706785939,0.7259593863183168,0.7243037872357625,0.7260868683180167,0.7259558276600905,0.0008829284317778947,0.734608093628946,0.7371061939623264,0.7384703289527386,0.7397203607181269,0.7388435848051469,0.7377497124134569,0.0017823122246578371,2,0.7392055622981507,0.7391138784541759,0.7372934770254491,0.7366149419381359,0.7381566193000185,0.738076895803186,0.0010106068470085387
25,53.80707941055298,6.199814823736195,0.09625658988952637,0.010491219139462861,100.0,lbfgs,"{'C': 100.0, 'solver': 'lbfgs'}",0.7303102625298329,0.7323200602939329,0.7316919984926517,0.7364652681823891,0.7332412176024787,0.7328057614202571,0.0020632740963747037,4,0.7346355556951293,0.7346250876697129,0.7338713898397345,0.7317359126547959,0.7341644945513928,0.7338064880821531,0.0010749066808025047,0.730327805474118,0.7323047217787418,0.7314978648314102,0.7365513324098346,0.7331242327346223,0.7327611914457454,0.0021082074605404196,5,0.7346309625742731,0.7346288694762122,0.7339124312823195,0.7317124343352335,0.7341932729827139,0.7338155941301505,0.001086420025667039,0.8022871029364205,0.8006471658152179,0.8024772256305065,0.8080184149010707,0.8057785247395636,0.8038416868045559,0.002671323583116712,8,0.8066023684937147,0.8069465582889739,0.8065771057897007,0.8051079336252558,0.8057939458291932,0.8062055824053675,0.0006661518746387699,0.7470869310084668,0.7497489959839357,0.7493993869604838,0.7527361508671494,0.7498544698544699,0.7497651869349011,0.0017967595666701964,8,0.752182012265316,0.7518323072412783,0.7490500682271439,0.7493727523626328,0.7506553973280762,0.7506185074848895,0.0012594542816174452,0.7224383916990921,0.7248240718272264,0.7278139834258589,0.72702878516832,0.7283521809369952,0.7260914826114985,0.002186673517825441,10,0.7267781665217303,0.7267372426775702,0.7259613428280773,0.7243386350316283,0.7260335104872409,0.7259697795092495,0.0008839971039200953,0.7345559447764269,0.7370758790869834,0.7384489795918368,0.7396591661151555,0.7389469371030526,0.737737381334691,0.001801209470148095,6,0.7392619106393483,0.7390718116038989,0.7373249987084776,0.736643064875808,0.738139184771961,0.7380881941198987,0.0010018562409445776
26,137.02728147506713,19.853732415695536,0.07865657806396484,0.014126790402455007,100.0,liblinear,"{'C': 100.0, 'solver': 'liblinear'}",0.7303102625298329,0.7322781895071808,0.7316919984926517,0.736381526608885,0.7332412176024787,0.7327806389482059,0.0020356265753969744,11,0.7346041516188802,0.7346460237205455,0.7338504537889018,0.7317359126547959,0.7341644945513928,0.7338002072669033,0.0010731518232306966,0.7303278931323531,0.7322628141431706,0.7314969565862753,0.7364671431523838,0.7331242327346223,0.732735807949761,0.002079916624175226,12,0.7345995447984277,0.7346498239374228,0.7338913815523364,0.7317124343352335,0.7341932729827139,0.7338092915212269,0.0010846184194663376,0.8022838069867766,0.8006546763703881,0.8024754582345683,0.8080192424173039,0.805778833311301,0.8038424034640675,0.0026703973658533144,6,0.8066021756336827,0.8069478324801139,0.806576367656385,0.8051070688218704,0.8057934237905924,0.8062053736765289,0.0006666797827444481,0.7471707603319642,0.7497489959839357,0.7494822301383481,0.7525677723522478,0.7498544698544699,0.7497648457321932,0.0017131159898144826,10,0.7522029428386043,0.7519370105122084,0.7489870893250761,0.7493727523626328,0.7506553973280762,0.7506310384733196,0.0013009913444849363,0.7224023342519047,0.7247654480750566,0.7277773308663824,0.7269843851659076,0.7283521809369952,0.7260563358592493,0.0021960019566945183,20,0.7267249049583434,0.7267207706785939,0.7259593863183168,0.7243386350316283,0.7260335104872409,0.7259554414948248,0.0008715476177308762,0.7345778217332181,0.7370455667050502,0.7384703289527386,0.7395548936874327,0.7389469371030526,0.7377191096362983,0.0017755756025684222,11,0.7392444641002168,0.7391138784541759,0.7372934770254491,0.736643064875808,0.738139184771961,0.7380868138455221,0.00101109375768165
27,422.1026629447937,22.787944241204812,0.07284626960754395,0.015883810068359417,100.0,sag,"{'C': 100.0, 'solver': 'sag'}",0.7300171670225684,0.731817610852908,0.7316082569191475,0.7367583636896538,0.7335761838964954,0.7327555164761547,0.0022974207280619897,13,0.7345099393901329,0.7343005788818056,0.7333375205434999,0.7315684242481341,0.7337562415601545,0.7334945409247454,0.001047263033468981,0.7300345781583476,0.731802051050569,0.7314159298986809,0.7368464401268512,0.7334633145022755,0.7327124627473449,0.002338138579701068,14,0.7345052969498698,0.7343043123480364,0.7333784729177988,0.731544778633012,0.7337847808458811,0.7335035283389196,0.0010560528036569915,0.8020469824858707,0.8006079300017941,0.802270222887985,0.8077283283842487,0.8057838826669996,0.8036874692853797,0.0026422277650871018,21,0.8062270694462641,0.806567322712926,0.8062115145825447,0.8047666781768652,0.8053954344479924,0.8058336038733185,0.000658224564093306,0.7466677843909799,0.7494979919678715,0.7491508574268909,0.7534096649267553,0.7496049896049896,0.7496662576634975,0.0021587794897962903,13,0.7522448039851811,0.7512878502324413,0.7484832581085337,0.749330935853475,0.7501101067511168,0.7502913909861496,0.0013441306419521575,0.7222087083434687,0.7242299296628668,0.7278068410462777,0.7271471520273015,0.7289341743490215,0.7260653610857872,0.0024769211742127636,16,0.7265743454968159,0.7265197845368758,0.7254562842085986,0.7241226031964116,0.725697473876433,0.725674098263027,0.0008922731284826699,0.7342346055560135,0.7366473418033799,0.738324624428478,0.7400454827372338,0.7391250871222992,0.7376754283294809,0.0020511629554874375,13,0.7391867711482691,0.738696260912535,0.7367898989481516,0.7365111332600365,0.7377018748839801,0.7377771878305944,0.001040665749639937
28,4162.67108502388,1140.7041555183978,0.11832776069641113,0.036592392679809585,1000.0,newton-cg,"{'C': 1000.0, 'solver': 'newton-cg'}",0.730352133316585,0.732361931080685,0.7316919984926517,0.7365071389691412,0.7331574760289746,0.7328141355776074,0.0020630701584373984,3,0.734572747542631,0.7346460237205455,0.7338399857634854,0.7317045085785469,0.7342168346784747,0.7337960200567368,0.0010843661750968101,0.7303697201358667,0.732346629414313,0.7314969565862753,0.7365929817226209,0.7330410726514622,0.7327694721021076,0.0021094972791022917,3,0.734568148938495,0.7346498285397645,0.7338809418312857,0.7316810162868522,0.734245521770542,0.7338050914733879,0.0010961081085246274,0.8022971871397991,0.8006574744203534,0.8024744903748879,0.8080294881903265,0.8057786860384262,0.8038474652327586,0.0026714562817666625,2,0.8066024736900959,0.8069477960996996,0.8065766034733232,0.8051074492827617,0.8057941614824187,0.8062056968056599,0.000666516910240288,0.7471707603319642,0.7497489959839357,0.7494822301383481,0.7527361508671494,0.7496881496881497,0.7497652574019094,0.0017688378949420368,3,0.7521401511187391,0.7519579511663944,0.7489870893250761,0.7493518441080539,0.7506553973280762,0.750618486609268,0.0012943593708932212,0.722460890005674,0.7248827050639055,0.7277773308663824,0.7270879076197446,0.7283082888996607,0.7261034244910735,0.0021629059175739553,4,0.7267083257497624,0.726711594114909,0.7259446151341893,0.7243037872357625,0.7261071551741627,0.7259550954817573,0.0008820087221370886,0.734608093628946,0.7371061939623264,0.7384703289527386,0.7396897621509824,0.7388435848051469,0.737743592700028,0.0017755751361029834,3,0.7392055622981507,0.7391192483044654,0.7372858589407121,0.7366149419381359,0.7381772433848248,0.7380805709732577,0.0010132558727066194
29,47.40728349685669,2.6029245446207545,0.08548645973205567,0.006965894793892632,1000.0,lbfgs,"{'C': 1000.0, 'solver': 'lbfgs'}",0.7303102625298329,0.732361931080685,0.7316501277058995,0.7364652681823891,0.7332412176024787,0.7328057614202571,0.002065991345234433,4,0.7345936835934638,0.7346878958222111,0.73379811366182,0.7317463806802122,0.7342063666530583,0.7338064880821531,0.0010770860585095612,0.730327805474118,0.7323465557814193,0.7314555349973432,0.7365513324098346,0.7331242327346223,0.7327610922794675,0.0021116342599145914,6,0.7345890904697399,0.734691705245795,0.7338390694218284,0.7317229162957795,0.7342350720129764,0.7338155706892239,0.0010882720775186616,0.8022840103538822,0.8006488558654478,0.8024743921862247,0.8080159253395218,0.8057774798034539,0.8038401327097061,0.0026706392384352492,10,0.8066028274129272,0.80694731877113,0.8065771917007043,0.805107829305334,0.8057940694353102,0.8062058473250813,0.0006664044332014533,0.7470869310084668,0.7498326639892905,0.7493993869604838,0.7527361508671494,0.7498544698544699,0.7497819205359721,0.0017969204568403275,1,0.7521401511187391,0.7520207731289525,0.7489451033903642,0.7493727523626328,0.7506553973280762,0.750626835465753,0.0013141498740525262,0.7224383916990921,0.724846328049175,0.7277554304102977,0.72702878516832,0.7283521809369952,0.726084223252776,0.0021750050522236597,12,0.7267377191740652,0.7267428918344632,0.72590392089039,0.7243532740501213,0.7260924250415872,0.7259660461981253,0.0008740518853942838,0.7345559447764269,0.7371278170751767,0.738418840047345,0.7396591661151555,0.7389469371030526,0.7377417410234314,0.001795198039357246,4,0.7392207685345182,0.7391657833259578,0.7372445289413322,0.736650635096806,0.7381696313482856,0.7380902694493799,0.0010226319638337198
30,712.7023889064789,714.8861320961028,0.06771135330200195,0.003400263857969847,1000.0,liblinear,"{'C': 1000.0, 'solver': 'liblinear'}",0.7303102625298329,0.732361931080685,0.7316919984926517,0.7364652681823891,0.7331574760289746,0.7327973872629067,0.0020581695856687794,7,0.7345936835934638,0.7346146196442965,0.7338609218143182,0.7317254446293796,0.7341854306022255,0.7337960200567367,0.0010723346319155363,0.7303278931323531,0.732346629414313,0.7314969565862753,0.7365513324098346,0.7330410726514622,0.7327527768388478,0.002104007610665734,9,0.7345890904697399,0.734618422160827,0.733901821273387,0.7317019523746876,0.7342141724978452,0.7338050917552973,0.0010840718832873884,0.8022829444297421,0.8006568993825159,0.8024749672912521,0.8080197824067104,0.805778854350283,0.8038426895721006,0.0026701897638900557,5,0.8066023886563545,0.806947762787513,0.806576415871744,0.8051075356316045,0.8057939379394411,0.8062056081773313,0.0006664776456306595,0.7471707603319642,0.7497489959839357,0.7494822301383481,0.7527361508671494,0.7496881496881497,0.7497652574019094,0.0017688378949420368,3,0.7521401511187391,0.7519160698580224,0.7489870893250761,0.7493727523626328,0.7506553973280762,0.7506142919985093,0.0012816996923075553,0.7224023342519047,0.7248827050639055,0.7277773308663824,0.72702878516832,0.7283082888996607,0.7260798888500346,0.00217739005430304,14,0.7267377191740652,0.7266858253055938,0.725974158103571,0.724323996604826,0.7260629665692957,0.7259569331514703,0.0008739487554152501,0.7345778217332181,0.7371061939623264,0.7384703289527386,0.7396591661151555,0.7388435848051469,0.737731419113717,0.0017796174704229483,8,0.7392207685345182,0.739085688409526,0.7373010952676173,0.7366354948103998,0.7381544077461667,0.7380794909536457,0.0010011578365433258
31,387.1458544254303,8.62994617612146,0.062193107604980466,0.006833443392893743,1000.0,sag,"{'C': 1000.0, 'solver': 'sag'}",0.7300171670225684,0.731817610852908,0.7316082569191475,0.7367583636896538,0.7335761838964954,0.7327555164761547,0.0022974207280619897,13,0.7345099393901329,0.7343005788818056,0.7333375205434999,0.7315579562227177,0.7337562415601545,0.733492447319662,0.0010511148601983992,0.7300345781583476,0.731802051050569,0.7314159298986809,0.7368464401268512,0.7334633145022755,0.7327124627473449,0.002338138579701068,14,0.7345052969498698,0.7343043123480364,0.7333784729177988,0.7315343245057225,0.7337847808458811,0.7335014375134618,0.001059931987354712,0.8020471437770232,0.8006077897486631,0.8022702649688407,0.8077284335769901,0.8057839668229279,0.8036875197788891,0.0026422814466033136,20,0.8062271645613255,0.8065673674213871,0.8062116035617983,0.804766791263167,0.805395513345514,0.8058336880306385,0.0006582089553367909,0.7466677843909799,0.7494979919678715,0.7491508574268909,0.7534096649267553,0.7496049896049896,0.7496662576634975,0.0021587794897962903,13,0.7522448039851811,0.7512878502324413,0.7484832581085337,0.7493100275988961,0.7501101067511168,0.7502872093352337,0.0013471413079638205,0.7222087083434687,0.7242299296628668,0.7278068410462777,0.7271471520273015,0.7289341743490215,0.7260653610857872,0.0024769211742127636,16,0.7265743454968159,0.7265197845368758,0.7254562842085986,0.7241170290147902,0.725697473876433,0.7256729834267027,0.0008942122977049547,0.7342346055560135,0.7366473418033799,0.738324624428478,0.7400454827372338,0.7391250871222992,0.7376754283294809,0.0020511629554874375,13,0.7391867711482691,0.738696260912535,0.7367898989481516,0.736498150431566,0.7377018748839801,0.7377745912649003,0.001043832821296979
32,3383.4190855026245,1115.149347378134,0.0745917797088623,0.004710632617598951,10000.0,newton-cg,"{'C': 10000.0, 'solver': 'newton-cg'}",0.7303102625298329,0.732361931080685,0.7316919984926517,0.7364652681823891,0.7331574760289746,0.7327973872629067,0.0020581695856687794,7,0.734572747542631,0.7346460237205455,0.7338504537889018,0.7317149766039632,0.7342168346784747,0.7338002072669033,0.00108041788041336,0.7303278931323531,0.732346629414313,0.7314969565862753,0.7365513324098346,0.7330410726514622,0.7327527768388478,0.002104007610665734,9,0.734568148938495,0.7346498285397645,0.7338914383149636,0.7316914704141417,0.734245521770542,0.7338092815955812,0.0010922067777244758,0.8022812333409907,0.8006574814330101,0.8024745885635512,0.8080125451460949,0.8057787351293845,0.8038409167226062,0.002668008583699366,9,0.806602510508829,0.8069478241520672,0.8065766293342885,0.8051074843482817,0.8057941746320056,0.8062057245950944,0.0006665172392656753,0.7471707603319642,0.7497489959839357,0.7494822301383481,0.7527361508671494,0.7496881496881497,0.7497652574019094,0.0017688378949420368,3,0.7521401511187391,0.7519579511663944,0.749008082292432,0.7493727523626328,0.7506553973280762,0.7506268668536549,0.0012849821255401714,0.7224023342519047,0.7248827050639055,0.7277773308663824,0.72702878516832,0.7283082888996607,0.7260798888500346,0.00217739005430304,14,0.7267083257497624,0.726711594114909,0.7259501912590542,0.7243093587696785,0.7261071551741627,0.7259573250135134,0.0008799109831657881,0.7345778217332181,0.7371061939623264,0.7384703289527386,0.7396591661151555,0.7388435848051469,0.737731419113717,0.0017796174704229483,8,0.7392055622981507,0.7391192483044654,0.7372989057995721,0.7366279249005766,0.7381772433848248,0.738085776937518,0.001007456915259089
33,52.05082268714905,3.840874471486528,0.06761908531188965,0.0029184429328002756,10000.0,lbfgs,"{'C': 10000.0, 'solver': 'lbfgs'}",0.7302683917430809,0.7322781895071808,0.7316501277058995,0.7365908805426454,0.7331993468157266,0.7327973872629067,0.002122910826460696,7,0.7345832155680474,0.7346460237205455,0.7338399857634854,0.7317568487056286,0.7341854306022255,0.7338023008719865,0.0010633700309678573,0.7302859784706045,0.7322628141431706,0.7314555349973432,0.7366771709800717,0.7330832382780434,0.7327529473738468,0.0021687815944041035,7,0.7345786142251393,0.7346498193350813,0.733880998593913,0.7317334817560947,0.7342140992984779,0.7338114026417413,0.0010748320395562582,0.8022837508855061,0.8006509596624142,0.8024821280501923,0.8080234851912114,0.8057754811001565,0.8038431609778961,0.0026714524621796617,4,0.8066019301754603,0.8069472595981668,0.806576519753927,0.8051070784648884,0.8057935263573704,0.8062052628699625,0.0006665240750576527,0.7470869310084668,0.7497489959839357,0.7493993869604838,0.7529045293820509,0.7496881496881497,0.7497655986046174,0.0018530262527099274,2,0.7521610816920276,0.7519160698580224,0.749008082292432,0.7493100275988961,0.7506134518990792,0.7506017426680914,0.0012936315142099426,0.7223798330226149,0.7247654480750566,0.7277554304102977,0.7271322871778193,0.7283671325846328,0.7260800262540842,0.0022165122713172433,13,0.7267138523761375,0.7267299479851849,0.7259354208630898,0.7243951246134255,0.7260813113689848,0.7259711314413645,0.0008514281317512489,0.7345256737822468,0.7370455667050502,0.738418840047345,0.7397940191090707,0.7388738627981314,0.7377315924883688,0.0018318973966521723,7,0.7392185298322483,0.7391085083828206,0.7372912878161679,0.7366419666807124,0.7381436069833871,0.7380807799390673,0.0010048013948606108
34,121.96789207458497,15.56793494274817,0.0637434959411621,0.001604823977356223,10000.0,liblinear,"{'C': 10000.0, 'solver': 'liblinear'}",0.730352133316585,0.732361931080685,0.7316919984926517,0.7364233973956371,0.7331993468157266,0.7328057614202571,0.002034696223727419,4,0.7345832155680474,0.7346250876697129,0.733829517738069,0.7317045085785469,0.7342063666530583,0.7337897392414868,0.0010817355798789267,0.7303698077941019,0.732346629414313,0.7314978648314102,0.7365092377811092,0.7330826526930423,0.7327612385027954,0.0020802769160002134,4,0.7345786197041174,0.7346288786808952,0.7338703885849804,0.7316810162868522,0.7342350720129764,0.7337987950539644,0.0010933997839549991,0.8022810299738851,0.8006557843701239,0.8024762577708261,0.8080172297295165,0.8057787000644143,0.8038418003817531,0.0026697265602884834,7,0.8066024596639118,0.8069480634738295,0.8065758798046151,0.805107306829087,0.805794043574456,0.8062055506691799,0.0006665558198725508,0.7472545896554614,0.7497489959839357,0.7493993869604838,0.7526519616096986,0.7497713097713098,0.749765248796178,0.001718759783143099,7,0.7521401511187391,0.7518741885496503,0.7489451033903642,0.7493518441080539,0.7506553973280762,0.7505933368989768,0.0012880252114907263,0.7224248318340222,0.7248827050639055,0.7278139834258589,0.7270065869724323,0.7283302366911706,0.7260916687974779,0.002178160498509107,9,0.7267230221646983,0.7267188859878155,0.7259482337620056,0.7243037872357625,0.7260924250415872,0.7259572708383738,0.0008853009749375504,0.7346299653865173,0.7371061939623264,0.7384489795918368,0.739607032057911,0.7388952630716277,0.7377374868140437,0.0017548269055100041,5,0.7392131653381332,0.7390825536995296,0.7372673823866748,0.7366149419381359,0.7381696313482856,0.7380695349421519,0.0010102877120427554
35,349.3502883911133,13.84645951197854,0.0562896728515625,0.00769623580281643,10000.0,sag,"{'C': 10000.0, 'solver': 'sag'}",0.7300171670225684,0.731817610852908,0.7316082569191475,0.7367583636896538,0.7335761838964954,0.7327555164761547,0.0022974207280619897,13,0.7345099393901329,0.7343005788818056,0.7333375205434999,0.7315579562227177,0.7337562415601545,0.733492447319662,0.0010511148601983992,0.7300345781583476,0.731802051050569,0.7314159298986809,0.7368464401268512,0.7334633145022755,0.7327124627473449,0.002338138579701068,14,0.7345052969498698,0.7343043123480364,0.7333784729177988,0.7315343245057225,0.7337847808458811,0.7335014375134618,0.001059931987354712,0.8020471157263881,0.8006078388372588,0.8022702649688407,0.8077284826669362,0.805784001887898,0.8036875408174644,0.0026422940656960587,19,0.8062271834090102,0.8065673783793433,0.8062116180264061,0.8047667938930809,0.8053955243035031,0.8058336996022689,0.00065821300110918,0.7466677843909799,0.7494979919678715,0.7491508574268909,0.7534096649267553,0.7496049896049896,0.7496662576634975,0.0021587794897962903,13,0.7522448039851811,0.7512878502324413,0.7484832581085337,0.7493100275988961,0.7501101067511168,0.7502872093352337,0.0013471413079638205,0.7222087083434687,0.7242299296628668,0.7278068410462777,0.7271471520273015,0.7289341743490215,0.7260653610857872,0.0024769211742127636,16,0.7265743454968159,0.7265197845368758,0.7254562842085986,0.7241170290147902,0.725697473876433,0.7256729834267027,0.0008942122977049547,0.7342346055560135,0.7366473418033799,0.738324624428478,0.7400454827372338,0.7391250871222992,0.7376754283294809,0.0020511629554874375,13,0.7391867711482691,0.738696260912535,0.7367898989481516,0.736498150431566,0.7377018748839801,0.7377745912649003,0.001043832821296979
